STATE,DISTRICT,TEHSIL,URL_TEHSIL,STATE_CODE,DISTRICT_CODE,URL_DISTRICT
UTTAR PRADESH,Agra,Agra,https://dilrmp.gov.in/faces/rptphysical/rptClrStatus.xhtml?tehcode=766,9,146,https://dilrmp.gov.in/faces/rpttehsilwisephysical/rptComputerizationOfLandRecord.xhtml?districtcode=146
UTTAR PRADESH,Agra,Bah,https://dilrmp.gov.in/faces/rptphysical/rptClrStatus.xhtml?tehcode=770,9,146,https://dilrmp.gov.in/faces/rpttehsilwisephysical/rptComputerizationOfLandRecord.xhtml?districtcode=146
UTTAR PRADESH,Agra,Etmadpur,https://dilrmp.gov.in/faces/rptphysical/rptClrStatus.xhtml?tehcode=765,9,146,https://dilrmp.gov.in/faces/rpttehsilwisephysical/rptComputerizationOfLandRecord.xhtml?districtcode=146
UTTAR PRADESH,Agra,Fatehabad,https://dilrmp.gov.in/faces/rptphysical/rptClrStatus.xhtml?tehcode=769,9,146,https://dilrmp.gov.in/faces/rpttehsilwisephysical/rptComputerizationOfLandRecord.xhtml?districtcode=146
UTTAR PRADESH,Agra,Kheragarh,https://dilrmp.gov.in/faces/rptphysical/rptClrStatus.xhtml?tehcode=768,9,146,https://dilrmp.gov.in/faces/rpttehsilwisephysical/rptComputerizationOfLandRecord.xhtml?districtcode=146
UTTAR PRADESH,Agra,Kiraoli,https://dilrmp.gov.in/faces/rptphysical/rptClrStatus.xhtml?tehcode=767,9,146,https://dilrmp.gov.in/faces/rpttehsilwisephysical/rptComputerizationOfLandRecord.xhtml?districtcode=146
UTTAR PRADESH,Aligarh,Atrauli,https://dilrmp.gov.in/faces/rptphysical/rptClrStatus.xhtml?tehcode=754,9,143,https://dilrmp.gov.in/faces/rpttehsilwisephysical/rptComputerizationOfLandRecord.xhtml?districtcode=143
UTTAR PRADESH,Aligarh,Gabhana,https://dilrmp.gov.in/faces/rptphysical/rptClrStatus.xhtml?tehcode=753,9,143,https://dilrmp.gov.in/faces/rpttehsilwisephysical/rptComputerizationOfLandRecord.xhtml?districtcode=143
UTTAR PRADESH,Aligarh,Iglas,https://dilrmp.gov.in/faces/rptphysical/rptClrStatus.xhtml?tehcode=756,9,143,https://dilrmp.gov.in/faces/rpttehsilwisephysical/rptComputerizationOfLandRecord.xhtml?districtcode=143
UTTAR PRADESH,Aligarh,Khair,https://dilrmp.gov.in/faces/rptphysical/rptClrStatus.xhtml?tehcode=752,9,143,https://dilrmp.gov.in/faces/rpttehsilwisephysical/rptComputerizationOfLandRecord.xhtml?districtcode=143
UTTAR PRADESH,Aligarh,Koil,https://dilrmp.gov.in/faces/rptphysical/rptClrStatus.xhtml?tehcode=755,9,143,https://dilrmp.gov.in/faces/rpttehsilwisephysical/rptComputerizationOfLandRecord.xhtml?districtcode=143
UTTAR PRADESH,Ambedkar Nagar,Akbarpur,https://dilrmp.gov.in/faces/rptphysical/rptClrStatus.xhtml?tehcode=910,9,178,https://dilrmp.gov.in/faces/rpttehsilwisephysical/rptComputerizationOfLandRecord.xhtml?districtcode=178
UTTAR PRADESH,Ambedkar Nagar,Allapur,https://dilrmp.gov.in/faces/rptphysical/rptClrStatus.xhtml?tehcode=908,9,178,https://dilrmp.gov.in/faces/rpttehsilwisephysical/rptComputerizationOfLandRecord.xhtml?districtcode=178
UTTAR PRADESH,Ambedkar Nagar,Bhiti,https://dilrmp.gov.in/faces/rptphysical/rptClrStatus.xhtml?tehcode=911,9,178,https://dilrmp.gov.in/faces/rpttehsilwisephysical/rptComputerizationOfLandRecord.xhtml?districtcode=178
UTTAR PRADESH,Ambedkar Nagar,Jalalpur,https://dilrmp.gov.in/faces/rptphysical/rptClrStatus.xhtml?tehcode=909,9,178,https://dilrmp.gov.in/faces/rpttehsilwisephysical/rptComputerizationOfLandRecord.xhtml?districtcode=178
UTTAR PRADESH,Ambedkar Nagar,Tanda,https://dilrmp.gov.in/faces/rptphysical/rptClrStatus.xhtml?tehcode=907,9,178,https://dilrmp.gov.in/faces/rpttehsilwisephysical/rptComputerizationOfLandRecord.xhtml?districtcode=178
UTTAR PRADESH,Amethi,Amethi,https://dilrmp.gov.in/faces/rptphysical/rptClrStatus.xhtml?tehcode=914,9,664,https://dilrmp.gov.in/faces/rpttehsilwisephysical/rptComputerizationOfLandRecord.xhtml?districtcode=664
UTTAR PRADESH,Amethi,Gauriganj,https://dilrmp.gov.in/faces/rptphysical/rptClrStatus.xhtml?tehcode=913,9,664,https://dilrmp.gov.in/faces/rpttehsilwisephysical/rptComputerizationOfLandRecord.xhtml?districtcode=664
UTTAR PRADESH,Amethi,Musafirkhana,https://dilrmp.gov.in/faces/rptphysical/rptClrStatus.xhtml?tehcode=912,9,664,https://dilrmp.gov.in/faces/rpttehsilwisephysical/rptComputerizationOfLandRecord.xhtml?districtcode=664
UTTAR PRADESH,Amethi,Tiloi,https://dilrmp.gov.in/faces/rptphysical/rptClrStatus.xhtml?tehcode=824,9,664,https://dilrmp.gov.in/faces/rpttehsilwisephysical/rptComputerizationOfLandRecord.xhtml?districtcode=664
UTTAR PRADESH,Amroha,Amroha,https://dilrmp.gov.in/faces/rptphysical/rptClrStatus.xhtml?tehcode=730,9,669,https://dilrmp.gov.in/faces/rpttehsilwisephysical/rptComputerizationOfLandRecord.xhtml?districtcode=669
UTTAR PRADESH,Amroha,Dhanaura,https://dilrmp.gov.in/faces/rptphysical/rptClrStatus.xhtml?tehcode=729,9,669,https://dilrmp.gov.in/faces/rpttehsilwisephysical/rptComputerizationOfLandRecord.xhtml?districtcode=669
UTTAR PRADESH,Amroha,Hasanpur,https://dilrmp.gov.in/faces/rptphysical/rptClrStatus.xhtml?tehcode=731,9,669,https://dilrmp.gov.in/faces/rpttehsilwisephysical/rptComputerizationOfLandRecord.xhtml?districtcode=669
UTTAR PRADESH,Amroha,Naugawan Sadat,https://dilrmp.gov.in/faces/rptphysical/rptClrStatus.xhtml?tehcode=9478,9,669,https://dilrmp.gov.in/faces/rpttehsilwisephysical/rptComputerizationOfLandRecord.xhtml?districtcode=669
UTTAR PRADESH,Auraiya,Ajitmal,https://dilrmp.gov.in/faces/rptphysical/rptClrStatus.xhtml?tehcode=6915,9,162,https://dilrmp.gov.in/faces/rpttehsilwisephysical/rptComputerizationOfLandRecord.xhtml?districtcode=162
UTTAR PRADESH,Auraiya,Auraiya,https://dilrmp.gov.in/faces/rptphysical/rptClrStatus.xhtml?tehcode=842,9,162,https://dilrmp.gov.in/faces/rpttehsilwisephysical/rptComputerizationOfLandRecord.xhtml?districtcode=162
UTTAR PRADESH,Auraiya,Bidhuna,https://dilrmp.gov.in/faces/rptphysical/rptClrStatus.xhtml?tehcode=841,9,162,https://dilrmp.gov.in/faces/rpttehsilwisephysical/rptComputerizationOfLandRecord.xhtml?districtcode=162
UTTAR PRADESH,Ayodha,Bikapur,https://dilrmp.gov.in/faces/rptphysical/rptClrStatus.xhtml?tehcode=906,9,177,https://dilrmp.gov.in/faces/rpttehsilwisephysical/rptComputerizationOfLandRecord.xhtml?districtcode=177
UTTAR PRADESH,Ayodha,Faizabad,https://dilrmp.gov.in/faces/rptphysical/rptClrStatus.xhtml?tehcode=905,9,177,https://dilrmp.gov.in/faces/rpttehsilwisephysical/rptComputerizationOfLandRecord.xhtml?districtcode=177
UTTAR PRADESH,Ayodha,Milkipur,https://dilrmp.gov.in/faces/rptphysical/rptClrStatus.xhtml?tehcode=903,9,177,https://dilrmp.gov.in/faces/rpttehsilwisephysical/rptComputerizationOfLandRecord.xhtml?districtcode=177
UTTAR PRADESH,Ayodha,Rudauli,https://dilrmp.gov.in/faces/rptphysical/rptClrStatus.xhtml?tehcode=902,9,177,https://dilrmp.gov.in/faces/rpttehsilwisephysical/rptComputerizationOfLandRecord.xhtml?districtcode=177
UTTAR PRADESH,Ayodha,Sohawal,https://dilrmp.gov.in/faces/rptphysical/rptClrStatus.xhtml?tehcode=904,9,177,https://dilrmp.gov.in/faces/rpttehsilwisephysical/rptComputerizationOfLandRecord.xhtml?districtcode=177
UTTAR PRADESH,Azamgarh,Burhanpur,https://dilrmp.gov.in/faces/rptphysical/rptClrStatus.xhtml?tehcode=964,9,191,https://dilrmp.gov.in/faces/rpttehsilwisephysical/rptComputerizationOfLandRecord.xhtml?districtcode=191
UTTAR PRADESH,Azamgarh,Lalganj,https://dilrmp.gov.in/faces/rptphysical/rptClrStatus.xhtml?tehcode=969,9,191,https://dilrmp.gov.in/faces/rpttehsilwisephysical/rptComputerizationOfLandRecord.xhtml?districtcode=191
UTTAR PRADESH,Azamgarh,Martinganj,https://dilrmp.gov.in/faces/rptphysical/rptClrStatus.xhtml?tehcode=7526,9,191,https://dilrmp.gov.in/faces/rpttehsilwisephysical/rptComputerizationOfLandRecord.xhtml?districtcode=191
UTTAR PRADESH,Azamgarh,Mehnagar,https://dilrmp.gov.in/faces/rptphysical/rptClrStatus.xhtml?tehcode=970,9,191,https://dilrmp.gov.in/faces/rpttehsilwisephysical/rptComputerizationOfLandRecord.xhtml?districtcode=191
UTTAR PRADESH,Azamgarh,Nizamabad,https://dilrmp.gov.in/faces/rptphysical/rptClrStatus.xhtml?tehcode=967,9,191,https://dilrmp.gov.in/faces/rpttehsilwisephysical/rptComputerizationOfLandRecord.xhtml?districtcode=191
UTTAR PRADESH,Azamgarh,Phulpur,https://dilrmp.gov.in/faces/rptphysical/rptClrStatus.xhtml?tehcode=968,9,191,https://dilrmp.gov.in/faces/rpttehsilwisephysical/rptComputerizationOfLandRecord.xhtml?districtcode=191
UTTAR PRADESH,Azamgarh,Sadar,https://dilrmp.gov.in/faces/rptphysical/rptClrStatus.xhtml?tehcode=966,9,191,https://dilrmp.gov.in/faces/rpttehsilwisephysical/rptComputerizationOfLandRecord.xhtml?districtcode=191
UTTAR PRADESH,Azamgarh,Sagri,https://dilrmp.gov.in/faces/rptphysical/rptClrStatus.xhtml?tehcode=965,9,191,https://dilrmp.gov.in/faces/rpttehsilwisephysical/rptComputerizationOfLandRecord.xhtml?districtcode=191
UTTAR PRADESH,Baghpat,Baghpat,https://dilrmp.gov.in/faces/rptphysical/rptClrStatus.xhtml?tehcode=736,9,139,https://dilrmp.gov.in/faces/rpttehsilwisephysical/rptComputerizationOfLandRecord.xhtml?districtcode=139
UTTAR PRADESH,Baghpat,Baraut,https://dilrmp.gov.in/faces/rptphysical/rptClrStatus.xhtml?tehcode=735,9,139,https://dilrmp.gov.in/faces/rpttehsilwisephysical/rptComputerizationOfLandRecord.xhtml?districtcode=139
UTTAR PRADESH,Baghpat,Khekada,https://dilrmp.gov.in/faces/rptphysical/rptClrStatus.xhtml?tehcode=737,9,139,https://dilrmp.gov.in/faces/rpttehsilwisephysical/rptComputerizationOfLandRecord.xhtml?districtcode=139
UTTAR PRADESH,Bahraich,Bahraich,https://dilrmp.gov.in/faces/rptphysical/rptClrStatus.xhtml?tehcode=921,9,180,https://dilrmp.gov.in/faces/rpttehsilwisephysical/rptComputerizationOfLandRecord.xhtml?districtcode=180
UTTAR PRADESH,Bahraich,Kaiserganj,https://dilrmp.gov.in/faces/rptphysical/rptClrStatus.xhtml?tehcode=922,9,180,https://dilrmp.gov.in/faces/rpttehsilwisephysical/rptComputerizationOfLandRecord.xhtml?districtcode=180
UTTAR PRADESH,Bahraich,Mahasi,https://dilrmp.gov.in/faces/rptphysical/rptClrStatus.xhtml?tehcode=7402,9,180,https://dilrmp.gov.in/faces/rpttehsilwisephysical/rptComputerizationOfLandRecord.xhtml?districtcode=180
UTTAR PRADESH,Bahraich,Mihinpurwa Motipur,https://dilrmp.gov.in/faces/rptphysical/rptClrStatus.xhtml?tehcode=9479,9,180,https://dilrmp.gov.in/faces/rpttehsilwisephysical/rptComputerizationOfLandRecord.xhtml?districtcode=180
UTTAR PRADESH,Bahraich,Nanpara,https://dilrmp.gov.in/faces/rptphysical/rptClrStatus.xhtml?tehcode=919,9,180,https://dilrmp.gov.in/faces/rpttehsilwisephysical/rptComputerizationOfLandRecord.xhtml?districtcode=180
UTTAR PRADESH,Bahraich,Payagpur,https://dilrmp.gov.in/faces/rptphysical/rptClrStatus.xhtml?tehcode=7404,9,180,https://dilrmp.gov.in/faces/rpttehsilwisephysical/rptComputerizationOfLandRecord.xhtml?districtcode=180
UTTAR PRADESH,Ballia,Bairia,https://dilrmp.gov.in/faces/rptphysical/rptClrStatus.xhtml?tehcode=980,9,193,https://dilrmp.gov.in/faces/rpttehsilwisephysical/rptComputerizationOfLandRecord.xhtml?districtcode=193
UTTAR PRADESH,Ballia,Ballia,https://dilrmp.gov.in/faces/rptphysical/rptClrStatus.xhtml?tehcode=978,9,193,https://dilrmp.gov.in/faces/rpttehsilwisephysical/rptComputerizationOfLandRecord.xhtml?districtcode=193
UTTAR PRADESH,Ballia,Bansdih,https://dilrmp.gov.in/faces/rptphysical/rptClrStatus.xhtml?tehcode=979,9,193,https://dilrmp.gov.in/faces/rpttehsilwisephysical/rptComputerizationOfLandRecord.xhtml?districtcode=193
UTTAR PRADESH,Ballia,Belthara Roadhh,https://dilrmp.gov.in/faces/rptphysical/rptClrStatus.xhtml?tehcode=975,9,193,https://dilrmp.gov.in/faces/rpttehsilwisephysical/rptComputerizationOfLandRecord.xhtml?districtcode=193
UTTAR PRADESH,Ballia,Rasra,https://dilrmp.gov.in/faces/rptphysical/rptClrStatus.xhtml?tehcode=977,9,193,https://dilrmp.gov.in/faces/rpttehsilwisephysical/rptComputerizationOfLandRecord.xhtml?districtcode=193
UTTAR PRADESH,Ballia,Sikanderpur,https://dilrmp.gov.in/faces/rptphysical/rptClrStatus.xhtml?tehcode=976,9,193,https://dilrmp.gov.in/faces/rpttehsilwisephysical/rptComputerizationOfLandRecord.xhtml?districtcode=193
UTTAR PRADESH,Balrampur,Balrampur,https://dilrmp.gov.in/faces/rptphysical/rptClrStatus.xhtml?tehcode=925,9,182,https://dilrmp.gov.in/faces/rpttehsilwisephysical/rptComputerizationOfLandRecord.xhtml?districtcode=182
UTTAR PRADESH,Balrampur,Tulsipur,https://dilrmp.gov.in/faces/rptphysical/rptClrStatus.xhtml?tehcode=926,9,182,https://dilrmp.gov.in/faces/rpttehsilwisephysical/rptComputerizationOfLandRecord.xhtml?districtcode=182
UTTAR PRADESH,Balrampur,Utraula,https://dilrmp.gov.in/faces/rptphysical/rptClrStatus.xhtml?tehcode=927,9,182,https://dilrmp.gov.in/faces/rpttehsilwisephysical/rptComputerizationOfLandRecord.xhtml?districtcode=182
UTTAR PRADESH,Banda,Atarra,https://dilrmp.gov.in/faces/rptphysical/rptClrStatus.xhtml?tehcode=873,9,170,https://dilrmp.gov.in/faces/rpttehsilwisephysical/rptComputerizationOfLandRecord.xhtml?districtcode=170
UTTAR PRADESH,Banda,Baberu,https://dilrmp.gov.in/faces/rptphysical/rptClrStatus.xhtml?tehcode=872,9,170,https://dilrmp.gov.in/faces/rpttehsilwisephysical/rptComputerizationOfLandRecord.xhtml?districtcode=170
UTTAR PRADESH,Banda,Banda,https://dilrmp.gov.in/faces/rptphysical/rptClrStatus.xhtml?tehcode=871,9,170,https://dilrmp.gov.in/faces/rpttehsilwisephysical/rptComputerizationOfLandRecord.xhtml?districtcode=170
UTTAR PRADESH,Banda,Naraini,https://dilrmp.gov.in/faces/rptphysical/rptClrStatus.xhtml?tehcode=874,9,170,https://dilrmp.gov.in/faces/rpttehsilwisephysical/rptComputerizationOfLandRecord.xhtml?districtcode=170
UTTAR PRADESH,Banda,Pailani,https://dilrmp.gov.in/faces/rptphysical/rptClrStatus.xhtml?tehcode=6924,9,170,https://dilrmp.gov.in/faces/rpttehsilwisephysical/rptComputerizationOfLandRecord.xhtml?districtcode=170
UTTAR PRADESH,Barabanki,Fatehpur,https://dilrmp.gov.in/faces/rptphysical/rptClrStatus.xhtml?tehcode=896,9,176,https://dilrmp.gov.in/faces/rpttehsilwisephysical/rptComputerizationOfLandRecord.xhtml?districtcode=176
UTTAR PRADESH,Barabanki,Haidergarh,https://dilrmp.gov.in/faces/rptphysical/rptClrStatus.xhtml?tehcode=901,9,176,https://dilrmp.gov.in/faces/rpttehsilwisephysical/rptComputerizationOfLandRecord.xhtml?districtcode=176
UTTAR PRADESH,Barabanki,Nawabganj,https://dilrmp.gov.in/faces/rptphysical/rptClrStatus.xhtml?tehcode=898,9,176,https://dilrmp.gov.in/faces/rpttehsilwisephysical/rptComputerizationOfLandRecord.xhtml?districtcode=176
UTTAR PRADESH,Barabanki,Ramnagar,https://dilrmp.gov.in/faces/rptphysical/rptClrStatus.xhtml?tehcode=897,9,176,https://dilrmp.gov.in/faces/rpttehsilwisephysical/rptComputerizationOfLandRecord.xhtml?districtcode=176
UTTAR PRADESH,Barabanki,Ramsanehighat,https://dilrmp.gov.in/faces/rptphysical/rptClrStatus.xhtml?tehcode=900,9,176,https://dilrmp.gov.in/faces/rpttehsilwisephysical/rptComputerizationOfLandRecord.xhtml?districtcode=176
UTTAR PRADESH,Barabanki,Sirauli Gauspur,https://dilrmp.gov.in/faces/rptphysical/rptClrStatus.xhtml?tehcode=899,9,176,https://dilrmp.gov.in/faces/rpttehsilwisephysical/rptComputerizationOfLandRecord.xhtml?districtcode=176
UTTAR PRADESH,Bareilly,Aonla,https://dilrmp.gov.in/faces/rptphysical/rptClrStatus.xhtml?tehcode=786,9,150,https://dilrmp.gov.in/faces/rpttehsilwisephysical/rptComputerizationOfLandRecord.xhtml?districtcode=150
UTTAR PRADESH,Bareilly,Baheri,https://dilrmp.gov.in/faces/rptphysical/rptClrStatus.xhtml?tehcode=784,9,150,https://dilrmp.gov.in/faces/rpttehsilwisephysical/rptComputerizationOfLandRecord.xhtml?districtcode=150
UTTAR PRADESH,Bareilly,Bareilly,https://dilrmp.gov.in/faces/rptphysical/rptClrStatus.xhtml?tehcode=787,9,150,https://dilrmp.gov.in/faces/rpttehsilwisephysical/rptComputerizationOfLandRecord.xhtml?districtcode=150
UTTAR PRADESH,Bareilly,Faridpur,https://dilrmp.gov.in/faces/rptphysical/rptClrStatus.xhtml?tehcode=789,9,150,https://dilrmp.gov.in/faces/rpttehsilwisephysical/rptComputerizationOfLandRecord.xhtml?districtcode=150
UTTAR PRADESH,Bareilly,Meerganj,https://dilrmp.gov.in/faces/rptphysical/rptClrStatus.xhtml?tehcode=785,9,150,https://dilrmp.gov.in/faces/rpttehsilwisephysical/rptComputerizationOfLandRecord.xhtml?districtcode=150
UTTAR PRADESH,Bareilly,Nawabganj,https://dilrmp.gov.in/faces/rptphysical/rptClrStatus.xhtml?tehcode=788,9,150,https://dilrmp.gov.in/faces/rpttehsilwisephysical/rptComputerizationOfLandRecord.xhtml?districtcode=150
UTTAR PRADESH,Basti,Basti,https://dilrmp.gov.in/faces/rptphysical/rptClrStatus.xhtml?tehcode=939,9,185,https://dilrmp.gov.in/faces/rpttehsilwisephysical/rptComputerizationOfLandRecord.xhtml?districtcode=185
UTTAR PRADESH,Basti,Bhanpur,https://dilrmp.gov.in/faces/rptphysical/rptClrStatus.xhtml?tehcode=937,9,185,https://dilrmp.gov.in/faces/rpttehsilwisephysical/rptComputerizationOfLandRecord.xhtml?districtcode=185
UTTAR PRADESH,Basti,Harraiya,https://dilrmp.gov.in/faces/rptphysical/rptClrStatus.xhtml?tehcode=938,9,185,https://dilrmp.gov.in/faces/rpttehsilwisephysical/rptComputerizationOfLandRecord.xhtml?districtcode=185
UTTAR PRADESH,Basti,Rudhauli,https://dilrmp.gov.in/faces/rptphysical/rptClrStatus.xhtml?tehcode=940,9,185,https://dilrmp.gov.in/faces/rpttehsilwisephysical/rptComputerizationOfLandRecord.xhtml?districtcode=185
UTTAR PRADESH,Bhadohi Sant Ravidas Nagar,Aurai,https://dilrmp.gov.in/faces/rptphysical/rptClrStatus.xhtml?tehcode=999,9,198,https://dilrmp.gov.in/faces/rpttehsilwisephysical/rptComputerizationOfLandRecord.xhtml?districtcode=198
UTTAR PRADESH,Bhadohi Sant Ravidas Nagar,Bhadohi,https://dilrmp.gov.in/faces/rptphysical/rptClrStatus.xhtml?tehcode=997,9,198,https://dilrmp.gov.in/faces/rpttehsilwisephysical/rptComputerizationOfLandRecord.xhtml?districtcode=198
UTTAR PRADESH,Bhadohi Sant Ravidas Nagar,Gyanpur,https://dilrmp.gov.in/faces/rptphysical/rptClrStatus.xhtml?tehcode=998,9,198,https://dilrmp.gov.in/faces/rpttehsilwisephysical/rptComputerizationOfLandRecord.xhtml?districtcode=198
UTTAR PRADESH,Bijnor,Bijnor,https://dilrmp.gov.in/faces/rptphysical/rptClrStatus.xhtml?tehcode=713,9,134,https://dilrmp.gov.in/faces/rpttehsilwisephysical/rptComputerizationOfLandRecord.xhtml?districtcode=134
UTTAR PRADESH,Bijnor,Chandpur,https://dilrmp.gov.in/faces/rptphysical/rptClrStatus.xhtml?tehcode=716,9,134,https://dilrmp.gov.in/faces/rpttehsilwisephysical/rptComputerizationOfLandRecord.xhtml?districtcode=134
UTTAR PRADESH,Bijnor,Dhampur,https://dilrmp.gov.in/faces/rptphysical/rptClrStatus.xhtml?tehcode=715,9,134,https://dilrmp.gov.in/faces/rpttehsilwisephysical/rptComputerizationOfLandRecord.xhtml?districtcode=134
UTTAR PRADESH,Bijnor,Nagina,https://dilrmp.gov.in/faces/rptphysical/rptClrStatus.xhtml?tehcode=714,9,134,https://dilrmp.gov.in/faces/rpttehsilwisephysical/rptComputerizationOfLandRecord.xhtml?districtcode=134
UTTAR PRADESH,Bijnor,Najibabad,https://dilrmp.gov.in/faces/rptphysical/rptClrStatus.xhtml?tehcode=712,9,134,https://dilrmp.gov.in/faces/rpttehsilwisephysical/rptComputerizationOfLandRecord.xhtml?districtcode=134
UTTAR PRADESH,Budaun,Bilsi,https://dilrmp.gov.in/faces/rptphysical/rptClrStatus.xhtml?tehcode=780,9,149,https://dilrmp.gov.in/faces/rpttehsilwisephysical/rptComputerizationOfLandRecord.xhtml?districtcode=149
UTTAR PRADESH,Budaun,Bisauli,https://dilrmp.gov.in/faces/rptphysical/rptClrStatus.xhtml?tehcode=779,9,149,https://dilrmp.gov.in/faces/rpttehsilwisephysical/rptComputerizationOfLandRecord.xhtml?districtcode=149
UTTAR PRADESH,Budaun,Budaun,https://dilrmp.gov.in/faces/rptphysical/rptClrStatus.xhtml?tehcode=782,9,149,https://dilrmp.gov.in/faces/rpttehsilwisephysical/rptComputerizationOfLandRecord.xhtml?districtcode=149
UTTAR PRADESH,Budaun,Dataganj,https://dilrmp.gov.in/faces/rptphysical/rptClrStatus.xhtml?tehcode=783,9,149,https://dilrmp.gov.in/faces/rpttehsilwisephysical/rptComputerizationOfLandRecord.xhtml?districtcode=149
UTTAR PRADESH,Budaun,Sahaswan,https://dilrmp.gov.in/faces/rptphysical/rptClrStatus.xhtml?tehcode=781,9,149,https://dilrmp.gov.in/faces/rpttehsilwisephysical/rptComputerizationOfLandRecord.xhtml?districtcode=149
UTTAR PRADESH,Bulandshahar,Anupshahr,https://dilrmp.gov.in/faces/rptphysical/rptClrStatus.xhtml?tehcode=748,9,142,https://dilrmp.gov.in/faces/rpttehsilwisephysical/rptComputerizationOfLandRecord.xhtml?districtcode=142
UTTAR PRADESH,Bulandshahar,Bulandshahr,https://dilrmp.gov.in/faces/rptphysical/rptClrStatus.xhtml?tehcode=746,9,142,https://dilrmp.gov.in/faces/rpttehsilwisephysical/rptComputerizationOfLandRecord.xhtml?districtcode=142
UTTAR PRADESH,Bulandshahar,Debai,https://dilrmp.gov.in/faces/rptphysical/rptClrStatus.xhtml?tehcode=749,9,142,https://dilrmp.gov.in/faces/rpttehsilwisephysical/rptComputerizationOfLandRecord.xhtml?districtcode=142
UTTAR PRADESH,Bulandshahar,Khurja,https://dilrmp.gov.in/faces/rptphysical/rptClrStatus.xhtml?tehcode=751,9,142,https://dilrmp.gov.in/faces/rpttehsilwisephysical/rptComputerizationOfLandRecord.xhtml?districtcode=142
UTTAR PRADESH,Bulandshahar,Shikarpur,https://dilrmp.gov.in/faces/rptphysical/rptClrStatus.xhtml?tehcode=750,9,142,https://dilrmp.gov.in/faces/rpttehsilwisephysical/rptComputerizationOfLandRecord.xhtml?districtcode=142
UTTAR PRADESH,Bulandshahar,Sikandrabad,https://dilrmp.gov.in/faces/rptphysical/rptClrStatus.xhtml?tehcode=745,9,142,https://dilrmp.gov.in/faces/rpttehsilwisephysical/rptComputerizationOfLandRecord.xhtml?districtcode=142
UTTAR PRADESH,Bulandshahar,Siyana,https://dilrmp.gov.in/faces/rptphysical/rptClrStatus.xhtml?tehcode=747,9,142,https://dilrmp.gov.in/faces/rpttehsilwisephysical/rptComputerizationOfLandRecord.xhtml?districtcode=142
UTTAR PRADESH,Chandauli,Chakia,https://dilrmp.gov.in/faces/rptphysical/rptClrStatus.xhtml?tehcode=994,9,196,https://dilrmp.gov.in/faces/rpttehsilwisephysical/rptComputerizationOfLandRecord.xhtml?districtcode=196
UTTAR PRADESH,Chandauli,Chandauli,https://dilrmp.gov.in/faces/rptphysical/rptClrStatus.xhtml?tehcode=993,9,196,https://dilrmp.gov.in/faces/rpttehsilwisephysical/rptComputerizationOfLandRecord.xhtml?districtcode=196
UTTAR PRADESH,Chandauli,Sakaldiha,https://dilrmp.gov.in/faces/rptphysical/rptClrStatus.xhtml?tehcode=992,9,196,https://dilrmp.gov.in/faces/rpttehsilwisephysical/rptComputerizationOfLandRecord.xhtml?districtcode=196
UTTAR PRADESH,Chitrakoot,Karwi,https://dilrmp.gov.in/faces/rptphysical/rptClrStatus.xhtml?tehcode=875,9,171,https://dilrmp.gov.in/faces/rpttehsilwisephysical/rptComputerizationOfLandRecord.xhtml?districtcode=171
UTTAR PRADESH,Chitrakoot,Manikpur,https://dilrmp.gov.in/faces/rptphysical/rptClrStatus.xhtml?tehcode=6922,9,171,https://dilrmp.gov.in/faces/rpttehsilwisephysical/rptComputerizationOfLandRecord.xhtml?districtcode=171
UTTAR PRADESH,Chitrakoot,Mau,https://dilrmp.gov.in/faces/rptphysical/rptClrStatus.xhtml?tehcode=876,9,171,https://dilrmp.gov.in/faces/rpttehsilwisephysical/rptComputerizationOfLandRecord.xhtml?districtcode=171
UTTAR PRADESH,Chitrakoot,Rajapur,https://dilrmp.gov.in/faces/rptphysical/rptClrStatus.xhtml?tehcode=6923,9,171,https://dilrmp.gov.in/faces/rpttehsilwisephysical/rptComputerizationOfLandRecord.xhtml?districtcode=171
UTTAR PRADESH,Deoria,Barhaj,https://dilrmp.gov.in/faces/rptphysical/rptClrStatus.xhtml?tehcode=961,9,190,https://dilrmp.gov.in/faces/rpttehsilwisephysical/rptComputerizationOfLandRecord.xhtml?districtcode=190
UTTAR PRADESH,Deoria,Bhatpar Rani,https://dilrmp.gov.in/faces/rptphysical/rptClrStatus.xhtml?tehcode=963,9,190,https://dilrmp.gov.in/faces/rpttehsilwisephysical/rptComputerizationOfLandRecord.xhtml?districtcode=190
UTTAR PRADESH,Deoria,Deoria,https://dilrmp.gov.in/faces/rptphysical/rptClrStatus.xhtml?tehcode=959,9,190,https://dilrmp.gov.in/faces/rpttehsilwisephysical/rptComputerizationOfLandRecord.xhtml?districtcode=190
UTTAR PRADESH,Deoria,Rudrapur,https://dilrmp.gov.in/faces/rptphysical/rptClrStatus.xhtml?tehcode=960,9,190,https://dilrmp.gov.in/faces/rpttehsilwisephysical/rptComputerizationOfLandRecord.xhtml?districtcode=190
UTTAR PRADESH,Deoria,Salempur,https://dilrmp.gov.in/faces/rptphysical/rptClrStatus.xhtml?tehcode=962,9,190,https://dilrmp.gov.in/faces/rpttehsilwisephysical/rptComputerizationOfLandRecord.xhtml?districtcode=190
UTTAR PRADESH,Etah,Aliganj,https://dilrmp.gov.in/faces/rptphysical/rptClrStatus.xhtml?tehcode=1007,9,201,https://dilrmp.gov.in/faces/rpttehsilwisephysical/rptComputerizationOfLandRecord.xhtml?districtcode=201
UTTAR PRADESH,Etah,Etah,https://dilrmp.gov.in/faces/rptphysical/rptClrStatus.xhtml?tehcode=1008,9,201,https://dilrmp.gov.in/faces/rpttehsilwisephysical/rptComputerizationOfLandRecord.xhtml?districtcode=201
UTTAR PRADESH,Etah,Jalesar,https://dilrmp.gov.in/faces/rptphysical/rptClrStatus.xhtml?tehcode=1009,9,201,https://dilrmp.gov.in/faces/rpttehsilwisephysical/rptComputerizationOfLandRecord.xhtml?districtcode=201
UTTAR PRADESH,Etawah,Bharthana,https://dilrmp.gov.in/faces/rptphysical/rptClrStatus.xhtml?tehcode=839,9,161,https://dilrmp.gov.in/faces/rpttehsilwisephysical/rptComputerizationOfLandRecord.xhtml?districtcode=161
UTTAR PRADESH,Etawah,Chakarnagar,https://dilrmp.gov.in/faces/rptphysical/rptClrStatus.xhtml?tehcode=840,9,161,https://dilrmp.gov.in/faces/rpttehsilwisephysical/rptComputerizationOfLandRecord.xhtml?districtcode=161
UTTAR PRADESH,Etawah,Etawah,https://dilrmp.gov.in/faces/rptphysical/rptClrStatus.xhtml?tehcode=838,9,161,https://dilrmp.gov.in/faces/rpttehsilwisephysical/rptComputerizationOfLandRecord.xhtml?districtcode=161
UTTAR PRADESH,Etawah,Jaswantnagar,https://dilrmp.gov.in/faces/rptphysical/rptClrStatus.xhtml?tehcode=836,9,161,https://dilrmp.gov.in/faces/rpttehsilwisephysical/rptComputerizationOfLandRecord.xhtml?districtcode=161
UTTAR PRADESH,Etawah,Saifai,https://dilrmp.gov.in/faces/rptphysical/rptClrStatus.xhtml?tehcode=837,9,161,https://dilrmp.gov.in/faces/rpttehsilwisephysical/rptComputerizationOfLandRecord.xhtml?districtcode=161
UTTAR PRADESH,Etawah,Takha,https://dilrmp.gov.in/faces/rptphysical/rptClrStatus.xhtml?tehcode=6914,9,161,https://dilrmp.gov.in/faces/rpttehsilwisephysical/rptComputerizationOfLandRecord.xhtml?districtcode=161
UTTAR PRADESH,Farrukhabad,Amritpur,https://dilrmp.gov.in/faces/rptphysical/rptClrStatus.xhtml?tehcode=831,9,159,https://dilrmp.gov.in/faces/rpttehsilwisephysical/rptComputerizationOfLandRecord.xhtml?districtcode=159
UTTAR PRADESH,Farrukhabad,Farrukhabad,https://dilrmp.gov.in/faces/rptphysical/rptClrStatus.xhtml?tehcode=832,9,159,https://dilrmp.gov.in/faces/rpttehsilwisephysical/rptComputerizationOfLandRecord.xhtml?districtcode=159
UTTAR PRADESH,Farrukhabad,Kaimganj,https://dilrmp.gov.in/faces/rptphysical/rptClrStatus.xhtml?tehcode=830,9,159,https://dilrmp.gov.in/faces/rpttehsilwisephysical/rptComputerizationOfLandRecord.xhtml?districtcode=159
UTTAR PRADESH,Fatehpur,Bindki,https://dilrmp.gov.in/faces/rptphysical/rptClrStatus.xhtml?tehcode=877,9,172,https://dilrmp.gov.in/faces/rpttehsilwisephysical/rptComputerizationOfLandRecord.xhtml?districtcode=172
UTTAR PRADESH,Fatehpur,Fatehpur,https://dilrmp.gov.in/faces/rptphysical/rptClrStatus.xhtml?tehcode=878,9,172,https://dilrmp.gov.in/faces/rpttehsilwisephysical/rptComputerizationOfLandRecord.xhtml?districtcode=172
UTTAR PRADESH,Fatehpur,Khaga,https://dilrmp.gov.in/faces/rptphysical/rptClrStatus.xhtml?tehcode=879,9,172,https://dilrmp.gov.in/faces/rpttehsilwisephysical/rptComputerizationOfLandRecord.xhtml?districtcode=172
UTTAR PRADESH,Firozabad,Firozabad,https://dilrmp.gov.in/faces/rptphysical/rptClrStatus.xhtml?tehcode=772,9,147,https://dilrmp.gov.in/faces/rpttehsilwisephysical/rptComputerizationOfLandRecord.xhtml?districtcode=147
UTTAR PRADESH,Firozabad,Jasrana,https://dilrmp.gov.in/faces/rptphysical/rptClrStatus.xhtml?tehcode=774,9,147,https://dilrmp.gov.in/faces/rpttehsilwisephysical/rptComputerizationOfLandRecord.xhtml?districtcode=147
UTTAR PRADESH,Firozabad,Shikohabad,https://dilrmp.gov.in/faces/rptphysical/rptClrStatus.xhtml?tehcode=773,9,147,https://dilrmp.gov.in/faces/rpttehsilwisephysical/rptComputerizationOfLandRecord.xhtml?districtcode=147
UTTAR PRADESH,Firozabad,Sirsaganj,https://dilrmp.gov.in/faces/rptphysical/rptClrStatus.xhtml?tehcode=7372,9,147,https://dilrmp.gov.in/faces/rpttehsilwisephysical/rptComputerizationOfLandRecord.xhtml?districtcode=147
UTTAR PRADESH,Firozabad,Tundla,https://dilrmp.gov.in/faces/rptphysical/rptClrStatus.xhtml?tehcode=771,9,147,https://dilrmp.gov.in/faces/rpttehsilwisephysical/rptComputerizationOfLandRecord.xhtml?districtcode=147
UTTAR PRADESH,Gautam Buddha Nagar,Dadri,https://dilrmp.gov.in/faces/rptphysical/rptClrStatus.xhtml?tehcode=742,9,141,https://dilrmp.gov.in/faces/rpttehsilwisephysical/rptComputerizationOfLandRecord.xhtml?districtcode=141
UTTAR PRADESH,Gautam Buddha Nagar,Gautam Buddha Nagar,https://dilrmp.gov.in/faces/rptphysical/rptClrStatus.xhtml?tehcode=743,9,141,https://dilrmp.gov.in/faces/rpttehsilwisephysical/rptComputerizationOfLandRecord.xhtml?districtcode=141
UTTAR PRADESH,Gautam Buddha Nagar,Jewar,https://dilrmp.gov.in/faces/rptphysical/rptClrStatus.xhtml?tehcode=744,9,141,https://dilrmp.gov.in/faces/rpttehsilwisephysical/rptComputerizationOfLandRecord.xhtml?districtcode=141
UTTAR PRADESH,Ghaziabad,Ghaziabad,https://dilrmp.gov.in/faces/rptphysical/rptClrStatus.xhtml?tehcode=739,9,140,https://dilrmp.gov.in/faces/rpttehsilwisephysical/rptComputerizationOfLandRecord.xhtml?districtcode=140
UTTAR PRADESH,Ghaziabad,Loni,https://dilrmp.gov.in/faces/rptphysical/rptClrStatus.xhtml?tehcode=6910,9,140,https://dilrmp.gov.in/faces/rpttehsilwisephysical/rptComputerizationOfLandRecord.xhtml?districtcode=140
UTTAR PRADESH,Ghaziabad,Modinagar,https://dilrmp.gov.in/faces/rptphysical/rptClrStatus.xhtml?tehcode=738,9,140,https://dilrmp.gov.in/faces/rpttehsilwisephysical/rptComputerizationOfLandRecord.xhtml?districtcode=140
UTTAR PRADESH,Ghazipur,Ghazipur,https://dilrmp.gov.in/faces/rptphysical/rptClrStatus.xhtml?tehcode=989,9,195,https://dilrmp.gov.in/faces/rpttehsilwisephysical/rptComputerizationOfLandRecord.xhtml?districtcode=195
UTTAR PRADESH,Ghazipur,Jakhanian,https://dilrmp.gov.in/faces/rptphysical/rptClrStatus.xhtml?tehcode=987,9,195,https://dilrmp.gov.in/faces/rpttehsilwisephysical/rptComputerizationOfLandRecord.xhtml?districtcode=195
UTTAR PRADESH,Ghazipur,Mohammadabad,https://dilrmp.gov.in/faces/rptphysical/rptClrStatus.xhtml?tehcode=990,9,195,https://dilrmp.gov.in/faces/rpttehsilwisephysical/rptComputerizationOfLandRecord.xhtml?districtcode=195
UTTAR PRADESH,Ghazipur,Saidpur,https://dilrmp.gov.in/faces/rptphysical/rptClrStatus.xhtml?tehcode=988,9,195,https://dilrmp.gov.in/faces/rpttehsilwisephysical/rptComputerizationOfLandRecord.xhtml?districtcode=195
UTTAR PRADESH,Ghazipur,Zamania,https://dilrmp.gov.in/faces/rptphysical/rptClrStatus.xhtml?tehcode=991,9,195,https://dilrmp.gov.in/faces/rpttehsilwisephysical/rptComputerizationOfLandRecord.xhtml?districtcode=195
UTTAR PRADESH,Gonda,Colonelganj,https://dilrmp.gov.in/faces/rptphysical/rptClrStatus.xhtml?tehcode=929,9,183,https://dilrmp.gov.in/faces/rpttehsilwisephysical/rptComputerizationOfLandRecord.xhtml?districtcode=183
UTTAR PRADESH,Gonda,Gonda,https://dilrmp.gov.in/faces/rptphysical/rptClrStatus.xhtml?tehcode=928,9,183,https://dilrmp.gov.in/faces/rpttehsilwisephysical/rptComputerizationOfLandRecord.xhtml?districtcode=183
UTTAR PRADESH,Gonda,Mankapur,https://dilrmp.gov.in/faces/rptphysical/rptClrStatus.xhtml?tehcode=931,9,183,https://dilrmp.gov.in/faces/rpttehsilwisephysical/rptComputerizationOfLandRecord.xhtml?districtcode=183
UTTAR PRADESH,Gonda,Tarabganj,https://dilrmp.gov.in/faces/rptphysical/rptClrStatus.xhtml?tehcode=930,9,183,https://dilrmp.gov.in/faces/rpttehsilwisephysical/rptComputerizationOfLandRecord.xhtml?districtcode=183
UTTAR PRADESH,Gorakhpur,Bansgaon,https://dilrmp.gov.in/faces/rptphysical/rptClrStatus.xhtml?tehcode=952,9,188,https://dilrmp.gov.in/faces/rpttehsilwisephysical/rptComputerizationOfLandRecord.xhtml?districtcode=188
UTTAR PRADESH,Gorakhpur,Campierganj,https://dilrmp.gov.in/faces/rptphysical/rptClrStatus.xhtml?tehcode=948,9,188,https://dilrmp.gov.in/faces/rpttehsilwisephysical/rptComputerizationOfLandRecord.xhtml?districtcode=188
UTTAR PRADESH,Gorakhpur,Chauri Chaura,https://dilrmp.gov.in/faces/rptphysical/rptClrStatus.xhtml?tehcode=951,9,188,https://dilrmp.gov.in/faces/rpttehsilwisephysical/rptComputerizationOfLandRecord.xhtml?districtcode=188
UTTAR PRADESH,Gorakhpur,Gola,https://dilrmp.gov.in/faces/rptphysical/rptClrStatus.xhtml?tehcode=954,9,188,https://dilrmp.gov.in/faces/rpttehsilwisephysical/rptComputerizationOfLandRecord.xhtml?districtcode=188
UTTAR PRADESH,Gorakhpur,Gorakhpur,https://dilrmp.gov.in/faces/rptphysical/rptClrStatus.xhtml?tehcode=950,9,188,https://dilrmp.gov.in/faces/rpttehsilwisephysical/rptComputerizationOfLandRecord.xhtml?districtcode=188
UTTAR PRADESH,Gorakhpur,Khajni,https://dilrmp.gov.in/faces/rptphysical/rptClrStatus.xhtml?tehcode=953,9,188,https://dilrmp.gov.in/faces/rpttehsilwisephysical/rptComputerizationOfLandRecord.xhtml?districtcode=188
UTTAR PRADESH,Gorakhpur,Sahjanwa,https://dilrmp.gov.in/faces/rptphysical/rptClrStatus.xhtml?tehcode=949,9,188,https://dilrmp.gov.in/faces/rpttehsilwisephysical/rptComputerizationOfLandRecord.xhtml?districtcode=188
UTTAR PRADESH,Hamirpur,Hamirpur,https://dilrmp.gov.in/faces/rptphysical/rptClrStatus.xhtml?tehcode=864,9,168,https://dilrmp.gov.in/faces/rpttehsilwisephysical/rptComputerizationOfLandRecord.xhtml?districtcode=168
UTTAR PRADESH,Hamirpur,Maudaha,https://dilrmp.gov.in/faces/rptphysical/rptClrStatus.xhtml?tehcode=867,9,168,https://dilrmp.gov.in/faces/rpttehsilwisephysical/rptComputerizationOfLandRecord.xhtml?districtcode=168
UTTAR PRADESH,Hamirpur,Rath,https://dilrmp.gov.in/faces/rptphysical/rptClrStatus.xhtml?tehcode=865,9,168,https://dilrmp.gov.in/faces/rpttehsilwisephysical/rptComputerizationOfLandRecord.xhtml?districtcode=168
UTTAR PRADESH,Hamirpur,Sarila,https://dilrmp.gov.in/faces/rptphysical/rptClrStatus.xhtml?tehcode=866,9,168,https://dilrmp.gov.in/faces/rpttehsilwisephysical/rptComputerizationOfLandRecord.xhtml?districtcode=168
UTTAR PRADESH,Hapur,Dhaulana,https://dilrmp.gov.in/faces/rptphysical/rptClrStatus.xhtml?tehcode=6932,9,665,https://dilrmp.gov.in/faces/rpttehsilwisephysical/rptComputerizationOfLandRecord.xhtml?districtcode=665
UTTAR PRADESH,Hapur,Garhmukteshwar,https://dilrmp.gov.in/faces/rptphysical/rptClrStatus.xhtml?tehcode=741,9,665,https://dilrmp.gov.in/faces/rpttehsilwisephysical/rptComputerizationOfLandRecord.xhtml?districtcode=665
UTTAR PRADESH,Hapur,Hapur,https://dilrmp.gov.in/faces/rptphysical/rptClrStatus.xhtml?tehcode=740,9,665,https://dilrmp.gov.in/faces/rpttehsilwisephysical/rptComputerizationOfLandRecord.xhtml?districtcode=665
UTTAR PRADESH,Hardoi,Bilgram,https://dilrmp.gov.in/faces/rptphysical/rptClrStatus.xhtml?tehcode=812,9,155,https://dilrmp.gov.in/faces/rpttehsilwisephysical/rptComputerizationOfLandRecord.xhtml?districtcode=155
UTTAR PRADESH,Hardoi,Hardoi,https://dilrmp.gov.in/faces/rptphysical/rptClrStatus.xhtml?tehcode=811,9,155,https://dilrmp.gov.in/faces/rpttehsilwisephysical/rptComputerizationOfLandRecord.xhtml?districtcode=155
UTTAR PRADESH,Hardoi,Sandila,https://dilrmp.gov.in/faces/rptphysical/rptClrStatus.xhtml?tehcode=813,9,155,https://dilrmp.gov.in/faces/rpttehsilwisephysical/rptComputerizationOfLandRecord.xhtml?districtcode=155
UTTAR PRADESH,Hardoi,Sawayajpur,https://dilrmp.gov.in/faces/rptphysical/rptClrStatus.xhtml?tehcode=810,9,155,https://dilrmp.gov.in/faces/rpttehsilwisephysical/rptComputerizationOfLandRecord.xhtml?districtcode=155
UTTAR PRADESH,Hardoi,Shahabad,https://dilrmp.gov.in/faces/rptphysical/rptClrStatus.xhtml?tehcode=809,9,155,https://dilrmp.gov.in/faces/rpttehsilwisephysical/rptComputerizationOfLandRecord.xhtml?districtcode=155
UTTAR PRADESH,Hathras,Hathras,https://dilrmp.gov.in/faces/rptphysical/rptClrStatus.xhtml?tehcode=759,9,668,https://dilrmp.gov.in/faces/rpttehsilwisephysical/rptComputerizationOfLandRecord.xhtml?districtcode=668
UTTAR PRADESH,Hathras,Sadabad,https://dilrmp.gov.in/faces/rptphysical/rptClrStatus.xhtml?tehcode=760,9,668,https://dilrmp.gov.in/faces/rpttehsilwisephysical/rptComputerizationOfLandRecord.xhtml?districtcode=668
UTTAR PRADESH,Hathras,Sasni,https://dilrmp.gov.in/faces/rptphysical/rptClrStatus.xhtml?tehcode=757,9,668,https://dilrmp.gov.in/faces/rpttehsilwisephysical/rptComputerizationOfLandRecord.xhtml?districtcode=668
UTTAR PRADESH,Hathras,Sikandra Rao,https://dilrmp.gov.in/faces/rptphysical/rptClrStatus.xhtml?tehcode=758,9,668,https://dilrmp.gov.in/faces/rpttehsilwisephysical/rptComputerizationOfLandRecord.xhtml?districtcode=668
UTTAR PRADESH,Jalaun,Jalaun,https://dilrmp.gov.in/faces/rptphysical/rptClrStatus.xhtml?tehcode=852,9,165,https://dilrmp.gov.in/faces/rpttehsilwisephysical/rptComputerizationOfLandRecord.xhtml?districtcode=165
UTTAR PRADESH,Jalaun,Kalpi,https://dilrmp.gov.in/faces/rptphysical/rptClrStatus.xhtml?tehcode=853,9,165,https://dilrmp.gov.in/faces/rpttehsilwisephysical/rptComputerizationOfLandRecord.xhtml?districtcode=165
UTTAR PRADESH,Jalaun,Konch,https://dilrmp.gov.in/faces/rptphysical/rptClrStatus.xhtml?tehcode=855,9,165,https://dilrmp.gov.in/faces/rpttehsilwisephysical/rptComputerizationOfLandRecord.xhtml?districtcode=165
UTTAR PRADESH,Jalaun,Madhogarh,https://dilrmp.gov.in/faces/rptphysical/rptClrStatus.xhtml?tehcode=851,9,165,https://dilrmp.gov.in/faces/rpttehsilwisephysical/rptComputerizationOfLandRecord.xhtml?districtcode=165
UTTAR PRADESH,Jalaun,Orai,https://dilrmp.gov.in/faces/rptphysical/rptClrStatus.xhtml?tehcode=854,9,165,https://dilrmp.gov.in/faces/rpttehsilwisephysical/rptComputerizationOfLandRecord.xhtml?districtcode=165
UTTAR PRADESH,Jaunpur,Badlapur,https://dilrmp.gov.in/faces/rptphysical/rptClrStatus.xhtml?tehcode=982,9,194,https://dilrmp.gov.in/faces/rpttehsilwisephysical/rptComputerizationOfLandRecord.xhtml?districtcode=194
UTTAR PRADESH,Jaunpur,Jaunpur,https://dilrmp.gov.in/faces/rptphysical/rptClrStatus.xhtml?tehcode=984,9,194,https://dilrmp.gov.in/faces/rpttehsilwisephysical/rptComputerizationOfLandRecord.xhtml?districtcode=194
UTTAR PRADESH,Jaunpur,Kerakat,https://dilrmp.gov.in/faces/rptphysical/rptClrStatus.xhtml?tehcode=986,9,194,https://dilrmp.gov.in/faces/rpttehsilwisephysical/rptComputerizationOfLandRecord.xhtml?districtcode=194
UTTAR PRADESH,Jaunpur,Machhlishahr,https://dilrmp.gov.in/faces/rptphysical/rptClrStatus.xhtml?tehcode=983,9,194,https://dilrmp.gov.in/faces/rpttehsilwisephysical/rptComputerizationOfLandRecord.xhtml?districtcode=194
UTTAR PRADESH,Jaunpur,Mariahu,https://dilrmp.gov.in/faces/rptphysical/rptClrStatus.xhtml?tehcode=985,9,194,https://dilrmp.gov.in/faces/rpttehsilwisephysical/rptComputerizationOfLandRecord.xhtml?districtcode=194
UTTAR PRADESH,Jaunpur,Shahganj,https://dilrmp.gov.in/faces/rptphysical/rptClrStatus.xhtml?tehcode=981,9,194,https://dilrmp.gov.in/faces/rpttehsilwisephysical/rptComputerizationOfLandRecord.xhtml?districtcode=194
UTTAR PRADESH,Jhansi,Garautha,https://dilrmp.gov.in/faces/rptphysical/rptClrStatus.xhtml?tehcode=857,9,166,https://dilrmp.gov.in/faces/rpttehsilwisephysical/rptComputerizationOfLandRecord.xhtml?districtcode=166
UTTAR PRADESH,Jhansi,Jhansi,https://dilrmp.gov.in/faces/rptphysical/rptClrStatus.xhtml?tehcode=860,9,166,https://dilrmp.gov.in/faces/rpttehsilwisephysical/rptComputerizationOfLandRecord.xhtml?districtcode=166
UTTAR PRADESH,Jhansi,Mauranipur,https://dilrmp.gov.in/faces/rptphysical/rptClrStatus.xhtml?tehcode=859,9,166,https://dilrmp.gov.in/faces/rpttehsilwisephysical/rptComputerizationOfLandRecord.xhtml?districtcode=166
UTTAR PRADESH,Jhansi,Moth,https://dilrmp.gov.in/faces/rptphysical/rptClrStatus.xhtml?tehcode=856,9,166,https://dilrmp.gov.in/faces/rpttehsilwisephysical/rptComputerizationOfLandRecord.xhtml?districtcode=166
UTTAR PRADESH,Jhansi,Tahrauli,https://dilrmp.gov.in/faces/rptphysical/rptClrStatus.xhtml?tehcode=858,9,166,https://dilrmp.gov.in/faces/rpttehsilwisephysical/rptComputerizationOfLandRecord.xhtml?districtcode=166
UTTAR PRADESH,Kannauj,Chhibramau,https://dilrmp.gov.in/faces/rptphysical/rptClrStatus.xhtml?tehcode=833,9,160,https://dilrmp.gov.in/faces/rpttehsilwisephysical/rptComputerizationOfLandRecord.xhtml?districtcode=160
UTTAR PRADESH,Kannauj,Kannauj,https://dilrmp.gov.in/faces/rptphysical/rptClrStatus.xhtml?tehcode=834,9,160,https://dilrmp.gov.in/faces/rpttehsilwisephysical/rptComputerizationOfLandRecord.xhtml?districtcode=160
UTTAR PRADESH,Kannauj,Tirwa,https://dilrmp.gov.in/faces/rptphysical/rptClrStatus.xhtml?tehcode=835,9,160,https://dilrmp.gov.in/faces/rpttehsilwisephysical/rptComputerizationOfLandRecord.xhtml?districtcode=160
UTTAR PRADESH,Kanpur Dehat,Akbarpur,https://dilrmp.gov.in/faces/rptphysical/rptClrStatus.xhtml?tehcode=845,9,163,https://dilrmp.gov.in/faces/rpttehsilwisephysical/rptComputerizationOfLandRecord.xhtml?districtcode=163
UTTAR PRADESH,Kanpur Dehat,Bhognipur,https://dilrmp.gov.in/faces/rptphysical/rptClrStatus.xhtml?tehcode=846,9,163,https://dilrmp.gov.in/faces/rpttehsilwisephysical/rptComputerizationOfLandRecord.xhtml?districtcode=163
UTTAR PRADESH,Kanpur Dehat,Derapur,https://dilrmp.gov.in/faces/rptphysical/rptClrStatus.xhtml?tehcode=844,9,163,https://dilrmp.gov.in/faces/rpttehsilwisephysical/rptComputerizationOfLandRecord.xhtml?districtcode=163
UTTAR PRADESH,Kanpur Dehat,Maitha,https://dilrmp.gov.in/faces/rptphysical/rptClrStatus.xhtml?tehcode=7403,9,163,https://dilrmp.gov.in/faces/rpttehsilwisephysical/rptComputerizationOfLandRecord.xhtml?districtcode=163
UTTAR PRADESH,Kanpur Dehat,Rasulabad,https://dilrmp.gov.in/faces/rptphysical/rptClrStatus.xhtml?tehcode=843,9,163,https://dilrmp.gov.in/faces/rpttehsilwisephysical/rptComputerizationOfLandRecord.xhtml?districtcode=163
UTTAR PRADESH,Kanpur Dehat,Sikandra,https://dilrmp.gov.in/faces/rptphysical/rptClrStatus.xhtml?tehcode=847,9,163,https://dilrmp.gov.in/faces/rpttehsilwisephysical/rptComputerizationOfLandRecord.xhtml?districtcode=163
UTTAR PRADESH,Kanpur Nagar,Bilhaur,https://dilrmp.gov.in/faces/rptphysical/rptClrStatus.xhtml?tehcode=848,9,164,https://dilrmp.gov.in/faces/rpttehsilwisephysical/rptComputerizationOfLandRecord.xhtml?districtcode=164
UTTAR PRADESH,Kanpur Nagar,Ghatampur,https://dilrmp.gov.in/faces/rptphysical/rptClrStatus.xhtml?tehcode=850,9,164,https://dilrmp.gov.in/faces/rpttehsilwisephysical/rptComputerizationOfLandRecord.xhtml?districtcode=164
UTTAR PRADESH,Kanpur Nagar,Kanpur,https://dilrmp.gov.in/faces/rptphysical/rptClrStatus.xhtml?tehcode=849,9,164,https://dilrmp.gov.in/faces/rpttehsilwisephysical/rptComputerizationOfLandRecord.xhtml?districtcode=164
UTTAR PRADESH,Kanpur Nagar,Narwal,https://dilrmp.gov.in/faces/rptphysical/rptClrStatus.xhtml?tehcode=7397,9,164,https://dilrmp.gov.in/faces/rpttehsilwisephysical/rptComputerizationOfLandRecord.xhtml?districtcode=164
UTTAR PRADESH,Kasganj,Kasganj,https://dilrmp.gov.in/faces/rptphysical/rptClrStatus.xhtml?tehcode=1010,9,667,https://dilrmp.gov.in/faces/rpttehsilwisephysical/rptComputerizationOfLandRecord.xhtml?districtcode=667
UTTAR PRADESH,Kasganj,Patiyali,https://dilrmp.gov.in/faces/rptphysical/rptClrStatus.xhtml?tehcode=1012,9,667,https://dilrmp.gov.in/faces/rpttehsilwisephysical/rptComputerizationOfLandRecord.xhtml?districtcode=667
UTTAR PRADESH,Kasganj,Sahawar,https://dilrmp.gov.in/faces/rptphysical/rptClrStatus.xhtml?tehcode=1011,9,667,https://dilrmp.gov.in/faces/rpttehsilwisephysical/rptComputerizationOfLandRecord.xhtml?districtcode=667
UTTAR PRADESH,Kaushambi,Chail,https://dilrmp.gov.in/faces/rptphysical/rptClrStatus.xhtml?tehcode=887,9,174,https://dilrmp.gov.in/faces/rpttehsilwisephysical/rptComputerizationOfLandRecord.xhtml?districtcode=174
UTTAR PRADESH,Kaushambi,Manjhanpur,https://dilrmp.gov.in/faces/rptphysical/rptClrStatus.xhtml?tehcode=886,9,174,https://dilrmp.gov.in/faces/rpttehsilwisephysical/rptComputerizationOfLandRecord.xhtml?districtcode=174
UTTAR PRADESH,Kaushambi,Sirathu,https://dilrmp.gov.in/faces/rptphysical/rptClrStatus.xhtml?tehcode=885,9,174,https://dilrmp.gov.in/faces/rpttehsilwisephysical/rptComputerizationOfLandRecord.xhtml?districtcode=174
UTTAR PRADESH,Kheri,Dhaurahara,https://dilrmp.gov.in/faces/rptphysical/rptClrStatus.xhtml?tehcode=802,9,153,https://dilrmp.gov.in/faces/rpttehsilwisephysical/rptComputerizationOfLandRecord.xhtml?districtcode=153
UTTAR PRADESH,Kheri,Gola Gokaran Nath,https://dilrmp.gov.in/faces/rptphysical/rptClrStatus.xhtml?tehcode=799,9,153,https://dilrmp.gov.in/faces/rpttehsilwisephysical/rptComputerizationOfLandRecord.xhtml?districtcode=153
UTTAR PRADESH,Kheri,Lakhimpur,https://dilrmp.gov.in/faces/rptphysical/rptClrStatus.xhtml?tehcode=801,9,153,https://dilrmp.gov.in/faces/rpttehsilwisephysical/rptComputerizationOfLandRecord.xhtml?districtcode=153
UTTAR PRADESH,Kheri,Metauli,https://dilrmp.gov.in/faces/rptphysical/rptClrStatus.xhtml?tehcode=6912,9,153,https://dilrmp.gov.in/faces/rpttehsilwisephysical/rptComputerizationOfLandRecord.xhtml?districtcode=153
UTTAR PRADESH,Kheri,Mohammdi,https://dilrmp.gov.in/faces/rptphysical/rptClrStatus.xhtml?tehcode=800,9,153,https://dilrmp.gov.in/faces/rpttehsilwisephysical/rptComputerizationOfLandRecord.xhtml?districtcode=153
UTTAR PRADESH,Kheri,Nighasan,https://dilrmp.gov.in/faces/rptphysical/rptClrStatus.xhtml?tehcode=797,9,153,https://dilrmp.gov.in/faces/rpttehsilwisephysical/rptComputerizationOfLandRecord.xhtml?districtcode=153
UTTAR PRADESH,Kheri,Palia,https://dilrmp.gov.in/faces/rptphysical/rptClrStatus.xhtml?tehcode=798,9,153,https://dilrmp.gov.in/faces/rpttehsilwisephysical/rptComputerizationOfLandRecord.xhtml?districtcode=153
UTTAR PRADESH,Kushinagar,Hata,https://dilrmp.gov.in/faces/rptphysical/rptClrStatus.xhtml?tehcode=956,9,189,https://dilrmp.gov.in/faces/rpttehsilwisephysical/rptComputerizationOfLandRecord.xhtml?districtcode=189
UTTAR PRADESH,Kushinagar,Kaptanganj,https://dilrmp.gov.in/faces/rptphysical/rptClrStatus.xhtml?tehcode=6920,9,189,https://dilrmp.gov.in/faces/rpttehsilwisephysical/rptComputerizationOfLandRecord.xhtml?districtcode=189
UTTAR PRADESH,Kushinagar,Kasya,https://dilrmp.gov.in/faces/rptphysical/rptClrStatus.xhtml?tehcode=957,9,189,https://dilrmp.gov.in/faces/rpttehsilwisephysical/rptComputerizationOfLandRecord.xhtml?districtcode=189
UTTAR PRADESH,Kushinagar,Khadda,https://dilrmp.gov.in/faces/rptphysical/rptClrStatus.xhtml?tehcode=6921,9,189,https://dilrmp.gov.in/faces/rpttehsilwisephysical/rptComputerizationOfLandRecord.xhtml?districtcode=189
UTTAR PRADESH,Kushinagar,Padrauna,https://dilrmp.gov.in/faces/rptphysical/rptClrStatus.xhtml?tehcode=955,9,189,https://dilrmp.gov.in/faces/rpttehsilwisephysical/rptComputerizationOfLandRecord.xhtml?districtcode=189
UTTAR PRADESH,Kushinagar,Tamkuhi Raj,https://dilrmp.gov.in/faces/rptphysical/rptClrStatus.xhtml?tehcode=958,9,189,https://dilrmp.gov.in/faces/rpttehsilwisephysical/rptComputerizationOfLandRecord.xhtml?districtcode=189
UTTAR PRADESH,Lalitpur,Lalitpur,https://dilrmp.gov.in/faces/rptphysical/rptClrStatus.xhtml?tehcode=862,9,167,https://dilrmp.gov.in/faces/rpttehsilwisephysical/rptComputerizationOfLandRecord.xhtml?districtcode=167
UTTAR PRADESH,Lalitpur,Madawra,https://dilrmp.gov.in/faces/rptphysical/rptClrStatus.xhtml?tehcode=7233,9,167,https://dilrmp.gov.in/faces/rpttehsilwisephysical/rptComputerizationOfLandRecord.xhtml?districtcode=167
UTTAR PRADESH,Lalitpur,Mahroni,https://dilrmp.gov.in/faces/rptphysical/rptClrStatus.xhtml?tehcode=863,9,167,https://dilrmp.gov.in/faces/rpttehsilwisephysical/rptComputerizationOfLandRecord.xhtml?districtcode=167
UTTAR PRADESH,Lalitpur,Pali,https://dilrmp.gov.in/faces/rptphysical/rptClrStatus.xhtml?tehcode=7297,9,167,https://dilrmp.gov.in/faces/rpttehsilwisephysical/rptComputerizationOfLandRecord.xhtml?districtcode=167
UTTAR PRADESH,Lalitpur,Talbehat,https://dilrmp.gov.in/faces/rptphysical/rptClrStatus.xhtml?tehcode=861,9,167,https://dilrmp.gov.in/faces/rpttehsilwisephysical/rptComputerizationOfLandRecord.xhtml?districtcode=167
UTTAR PRADESH,Lucknow,Bakshi Ka Talab,https://dilrmp.gov.in/faces/rptphysical/rptClrStatus.xhtml?tehcode=820,9,157,https://dilrmp.gov.in/faces/rpttehsilwisephysical/rptComputerizationOfLandRecord.xhtml?districtcode=157
UTTAR PRADESH,Lucknow,Lucknow,https://dilrmp.gov.in/faces/rptphysical/rptClrStatus.xhtml?tehcode=821,9,157,https://dilrmp.gov.in/faces/rpttehsilwisephysical/rptComputerizationOfLandRecord.xhtml?districtcode=157
UTTAR PRADESH,Lucknow,Malihabad,https://dilrmp.gov.in/faces/rptphysical/rptClrStatus.xhtml?tehcode=819,9,157,https://dilrmp.gov.in/faces/rpttehsilwisephysical/rptComputerizationOfLandRecord.xhtml?districtcode=157
UTTAR PRADESH,Lucknow,Mohanlalganj,https://dilrmp.gov.in/faces/rptphysical/rptClrStatus.xhtml?tehcode=822,9,157,https://dilrmp.gov.in/faces/rpttehsilwisephysical/rptComputerizationOfLandRecord.xhtml?districtcode=157
UTTAR PRADESH,Lucknow,Sarojini Nagar,https://dilrmp.gov.in/faces/rptphysical/rptClrStatus.xhtml?tehcode=7077,9,157,https://dilrmp.gov.in/faces/rpttehsilwisephysical/rptComputerizationOfLandRecord.xhtml?districtcode=157
UTTAR PRADESH,Mahoba,Charkhari,https://dilrmp.gov.in/faces/rptphysical/rptClrStatus.xhtml?tehcode=869,9,169,https://dilrmp.gov.in/faces/rpttehsilwisephysical/rptComputerizationOfLandRecord.xhtml?districtcode=169
UTTAR PRADESH,Mahoba,Kulpahar,https://dilrmp.gov.in/faces/rptphysical/rptClrStatus.xhtml?tehcode=868,9,169,https://dilrmp.gov.in/faces/rpttehsilwisephysical/rptComputerizationOfLandRecord.xhtml?districtcode=169
UTTAR PRADESH,Mahoba,Mahoba,https://dilrmp.gov.in/faces/rptphysical/rptClrStatus.xhtml?tehcode=870,9,169,https://dilrmp.gov.in/faces/rpttehsilwisephysical/rptComputerizationOfLandRecord.xhtml?districtcode=169
UTTAR PRADESH,Mahrajganj,Maharajganj,https://dilrmp.gov.in/faces/rptphysical/rptClrStatus.xhtml?tehcode=947,9,187,https://dilrmp.gov.in/faces/rpttehsilwisephysical/rptComputerizationOfLandRecord.xhtml?districtcode=187
UTTAR PRADESH,Mahrajganj,Nautanwa,https://dilrmp.gov.in/faces/rptphysical/rptClrStatus.xhtml?tehcode=944,9,187,https://dilrmp.gov.in/faces/rpttehsilwisephysical/rptComputerizationOfLandRecord.xhtml?districtcode=187
UTTAR PRADESH,Mahrajganj,Nichlaul,https://dilrmp.gov.in/faces/rptphysical/rptClrStatus.xhtml?tehcode=945,9,187,https://dilrmp.gov.in/faces/rpttehsilwisephysical/rptComputerizationOfLandRecord.xhtml?districtcode=187
UTTAR PRADESH,Mahrajganj,Pharenda,https://dilrmp.gov.in/faces/rptphysical/rptClrStatus.xhtml?tehcode=946,9,187,https://dilrmp.gov.in/faces/rpttehsilwisephysical/rptComputerizationOfLandRecord.xhtml?districtcode=187
UTTAR PRADESH,Mainpuri,Bhogaon,https://dilrmp.gov.in/faces/rptphysical/rptClrStatus.xhtml?tehcode=777,9,148,https://dilrmp.gov.in/faces/rpttehsilwisephysical/rptComputerizationOfLandRecord.xhtml?districtcode=148
UTTAR PRADESH,Mainpuri,Ghiror,https://dilrmp.gov.in/faces/rptphysical/rptClrStatus.xhtml?tehcode=7255,9,148,https://dilrmp.gov.in/faces/rpttehsilwisephysical/rptComputerizationOfLandRecord.xhtml?districtcode=148
UTTAR PRADESH,Mainpuri,Karhal,https://dilrmp.gov.in/faces/rptphysical/rptClrStatus.xhtml?tehcode=776,9,148,https://dilrmp.gov.in/faces/rpttehsilwisephysical/rptComputerizationOfLandRecord.xhtml?districtcode=148
UTTAR PRADESH,Mainpuri,Kishani,https://dilrmp.gov.in/faces/rptphysical/rptClrStatus.xhtml?tehcode=6911,9,148,https://dilrmp.gov.in/faces/rpttehsilwisephysical/rptComputerizationOfLandRecord.xhtml?districtcode=148
UTTAR PRADESH,Mainpuri,Mainpuri,https://dilrmp.gov.in/faces/rptphysical/rptClrStatus.xhtml?tehcode=775,9,148,https://dilrmp.gov.in/faces/rpttehsilwisephysical/rptComputerizationOfLandRecord.xhtml?districtcode=148
UTTAR PRADESH,Mathura,Chhata,https://dilrmp.gov.in/faces/rptphysical/rptClrStatus.xhtml?tehcode=761,9,145,https://dilrmp.gov.in/faces/rpttehsilwisephysical/rptComputerizationOfLandRecord.xhtml?districtcode=145
UTTAR PRADESH,Mathura,Goverdhan,https://dilrmp.gov.in/faces/rptphysical/rptClrStatus.xhtml?tehcode=7395,9,145,https://dilrmp.gov.in/faces/rpttehsilwisephysical/rptComputerizationOfLandRecord.xhtml?districtcode=145
UTTAR PRADESH,Mathura,Mahaban,https://dilrmp.gov.in/faces/rptphysical/rptClrStatus.xhtml?tehcode=763,9,145,https://dilrmp.gov.in/faces/rpttehsilwisephysical/rptComputerizationOfLandRecord.xhtml?districtcode=145
UTTAR PRADESH,Mathura,Mat,https://dilrmp.gov.in/faces/rptphysical/rptClrStatus.xhtml?tehcode=762,9,145,https://dilrmp.gov.in/faces/rpttehsilwisephysical/rptComputerizationOfLandRecord.xhtml?districtcode=145
UTTAR PRADESH,Mathura,Mathura,https://dilrmp.gov.in/faces/rptphysical/rptClrStatus.xhtml?tehcode=764,9,145,https://dilrmp.gov.in/faces/rpttehsilwisephysical/rptComputerizationOfLandRecord.xhtml?districtcode=145
UTTAR PRADESH,Mau,Ghosi,https://dilrmp.gov.in/faces/rptphysical/rptClrStatus.xhtml?tehcode=971,9,192,https://dilrmp.gov.in/faces/rpttehsilwisephysical/rptComputerizationOfLandRecord.xhtml?districtcode=192
UTTAR PRADESH,Mau,Madhuban,https://dilrmp.gov.in/faces/rptphysical/rptClrStatus.xhtml?tehcode=972,9,192,https://dilrmp.gov.in/faces/rpttehsilwisephysical/rptComputerizationOfLandRecord.xhtml?districtcode=192
UTTAR PRADESH,Mau,Maunath Bhanjan,https://dilrmp.gov.in/faces/rptphysical/rptClrStatus.xhtml?tehcode=973,9,192,https://dilrmp.gov.in/faces/rpttehsilwisephysical/rptComputerizationOfLandRecord.xhtml?districtcode=192
UTTAR PRADESH,Mau,Muhammadabad Gohna,https://dilrmp.gov.in/faces/rptphysical/rptClrStatus.xhtml?tehcode=974,9,192,https://dilrmp.gov.in/faces/rpttehsilwisephysical/rptComputerizationOfLandRecord.xhtml?districtcode=192
UTTAR PRADESH,Meerut,Mawana,https://dilrmp.gov.in/faces/rptphysical/rptClrStatus.xhtml?tehcode=733,9,138,https://dilrmp.gov.in/faces/rpttehsilwisephysical/rptComputerizationOfLandRecord.xhtml?districtcode=138
UTTAR PRADESH,Meerut,Meerut,https://dilrmp.gov.in/faces/rptphysical/rptClrStatus.xhtml?tehcode=734,9,138,https://dilrmp.gov.in/faces/rpttehsilwisephysical/rptComputerizationOfLandRecord.xhtml?districtcode=138
UTTAR PRADESH,Meerut,Sardhana,https://dilrmp.gov.in/faces/rptphysical/rptClrStatus.xhtml?tehcode=732,9,138,https://dilrmp.gov.in/faces/rpttehsilwisephysical/rptComputerizationOfLandRecord.xhtml?districtcode=138
UTTAR PRADESH,Mirzapur,Chunar,https://dilrmp.gov.in/faces/rptphysical/rptClrStatus.xhtml?tehcode=1003,9,199,https://dilrmp.gov.in/faces/rpttehsilwisephysical/rptComputerizationOfLandRecord.xhtml?districtcode=199
UTTAR PRADESH,Mirzapur,Lalganj,https://dilrmp.gov.in/faces/rptphysical/rptClrStatus.xhtml?tehcode=1001,9,199,https://dilrmp.gov.in/faces/rpttehsilwisephysical/rptComputerizationOfLandRecord.xhtml?districtcode=199
UTTAR PRADESH,Mirzapur,Marihan,https://dilrmp.gov.in/faces/rptphysical/rptClrStatus.xhtml?tehcode=1002,9,199,https://dilrmp.gov.in/faces/rpttehsilwisephysical/rptComputerizationOfLandRecord.xhtml?districtcode=199
UTTAR PRADESH,Mirzapur,Mirzapur,https://dilrmp.gov.in/faces/rptphysical/rptClrStatus.xhtml?tehcode=1000,9,199,https://dilrmp.gov.in/faces/rpttehsilwisephysical/rptComputerizationOfLandRecord.xhtml?districtcode=199
UTTAR PRADESH,Moradabad,Bilari,https://dilrmp.gov.in/faces/rptphysical/rptClrStatus.xhtml?tehcode=720,9,135,https://dilrmp.gov.in/faces/rpttehsilwisephysical/rptComputerizationOfLandRecord.xhtml?districtcode=135
UTTAR PRADESH,Moradabad,Kanth,https://dilrmp.gov.in/faces/rptphysical/rptClrStatus.xhtml?tehcode=718,9,135,https://dilrmp.gov.in/faces/rpttehsilwisephysical/rptComputerizationOfLandRecord.xhtml?districtcode=135
UTTAR PRADESH,Moradabad,Moradabad,https://dilrmp.gov.in/faces/rptphysical/rptClrStatus.xhtml?tehcode=719,9,135,https://dilrmp.gov.in/faces/rpttehsilwisephysical/rptComputerizationOfLandRecord.xhtml?districtcode=135
UTTAR PRADESH,Moradabad,Thakurdwara,https://dilrmp.gov.in/faces/rptphysical/rptClrStatus.xhtml?tehcode=717,9,135,https://dilrmp.gov.in/faces/rpttehsilwisephysical/rptComputerizationOfLandRecord.xhtml?districtcode=135
UTTAR PRADESH,Muzaffarnagar,Budhana,https://dilrmp.gov.in/faces/rptphysical/rptClrStatus.xhtml?tehcode=709,9,133,https://dilrmp.gov.in/faces/rpttehsilwisephysical/rptComputerizationOfLandRecord.xhtml?districtcode=133
UTTAR PRADESH,Muzaffarnagar,Jansath,https://dilrmp.gov.in/faces/rptphysical/rptClrStatus.xhtml?tehcode=711,9,133,https://dilrmp.gov.in/faces/rpttehsilwisephysical/rptComputerizationOfLandRecord.xhtml?districtcode=133
UTTAR PRADESH,Muzaffarnagar,Khatauli,https://dilrmp.gov.in/faces/rptphysical/rptClrStatus.xhtml?tehcode=710,9,133,https://dilrmp.gov.in/faces/rpttehsilwisephysical/rptComputerizationOfLandRecord.xhtml?districtcode=133
UTTAR PRADESH,Muzaffarnagar,Muzaffarnagar,https://dilrmp.gov.in/faces/rptphysical/rptClrStatus.xhtml?tehcode=708,9,133,https://dilrmp.gov.in/faces/rpttehsilwisephysical/rptComputerizationOfLandRecord.xhtml?districtcode=133
UTTAR PRADESH,Pilibhit,Bisalpur,https://dilrmp.gov.in/faces/rptphysical/rptClrStatus.xhtml?tehcode=791,9,151,https://dilrmp.gov.in/faces/rpttehsilwisephysical/rptComputerizationOfLandRecord.xhtml?districtcode=151
UTTAR PRADESH,Pilibhit,Pilibhit,https://dilrmp.gov.in/faces/rptphysical/rptClrStatus.xhtml?tehcode=790,9,151,https://dilrmp.gov.in/faces/rpttehsilwisephysical/rptComputerizationOfLandRecord.xhtml?districtcode=151
UTTAR PRADESH,Pilibhit,Puranpur,https://dilrmp.gov.in/faces/rptphysical/rptClrStatus.xhtml?tehcode=792,9,151,https://dilrmp.gov.in/faces/rpttehsilwisephysical/rptComputerizationOfLandRecord.xhtml?districtcode=151
UTTAR PRADESH,Pratapgarh,Kunda,https://dilrmp.gov.in/faces/rptphysical/rptClrStatus.xhtml?tehcode=881,9,173,https://dilrmp.gov.in/faces/rpttehsilwisephysical/rptComputerizationOfLandRecord.xhtml?districtcode=173
UTTAR PRADESH,Pratapgarh,Lalganj,https://dilrmp.gov.in/faces/rptphysical/rptClrStatus.xhtml?tehcode=880,9,173,https://dilrmp.gov.in/faces/rpttehsilwisephysical/rptComputerizationOfLandRecord.xhtml?districtcode=173
UTTAR PRADESH,Pratapgarh,Patti,https://dilrmp.gov.in/faces/rptphysical/rptClrStatus.xhtml?tehcode=883,9,173,https://dilrmp.gov.in/faces/rpttehsilwisephysical/rptComputerizationOfLandRecord.xhtml?districtcode=173
UTTAR PRADESH,Pratapgarh,Pratapgarh,https://dilrmp.gov.in/faces/rptphysical/rptClrStatus.xhtml?tehcode=882,9,173,https://dilrmp.gov.in/faces/rpttehsilwisephysical/rptComputerizationOfLandRecord.xhtml?districtcode=173
UTTAR PRADESH,Pratapgarh,Raniganj,https://dilrmp.gov.in/faces/rptphysical/rptClrStatus.xhtml?tehcode=884,9,173,https://dilrmp.gov.in/faces/rpttehsilwisephysical/rptComputerizationOfLandRecord.xhtml?districtcode=173
UTTAR PRADESH,PRAYAGRAJ,Allahabad,https://dilrmp.gov.in/faces/rptphysical/rptClrStatus.xhtml?tehcode=890,9,175,https://dilrmp.gov.in/faces/rpttehsilwisephysical/rptComputerizationOfLandRecord.xhtml?districtcode=175
UTTAR PRADESH,PRAYAGRAJ,Bara,https://dilrmp.gov.in/faces/rptphysical/rptClrStatus.xhtml?tehcode=891,9,175,https://dilrmp.gov.in/faces/rpttehsilwisephysical/rptComputerizationOfLandRecord.xhtml?districtcode=175
UTTAR PRADESH,PRAYAGRAJ,Handia,https://dilrmp.gov.in/faces/rptphysical/rptClrStatus.xhtml?tehcode=893,9,175,https://dilrmp.gov.in/faces/rpttehsilwisephysical/rptComputerizationOfLandRecord.xhtml?districtcode=175
UTTAR PRADESH,PRAYAGRAJ,Karchhana,https://dilrmp.gov.in/faces/rptphysical/rptClrStatus.xhtml?tehcode=892,9,175,https://dilrmp.gov.in/faces/rpttehsilwisephysical/rptComputerizationOfLandRecord.xhtml?districtcode=175
UTTAR PRADESH,PRAYAGRAJ,Koraon,https://dilrmp.gov.in/faces/rptphysical/rptClrStatus.xhtml?tehcode=895,9,175,https://dilrmp.gov.in/faces/rpttehsilwisephysical/rptComputerizationOfLandRecord.xhtml?districtcode=175
UTTAR PRADESH,PRAYAGRAJ,Meja,https://dilrmp.gov.in/faces/rptphysical/rptClrStatus.xhtml?tehcode=894,9,175,https://dilrmp.gov.in/faces/rpttehsilwisephysical/rptComputerizationOfLandRecord.xhtml?districtcode=175
UTTAR PRADESH,PRAYAGRAJ,Phulpur,https://dilrmp.gov.in/faces/rptphysical/rptClrStatus.xhtml?tehcode=889,9,175,https://dilrmp.gov.in/faces/rpttehsilwisephysical/rptComputerizationOfLandRecord.xhtml?districtcode=175
UTTAR PRADESH,PRAYAGRAJ,Soraon,https://dilrmp.gov.in/faces/rptphysical/rptClrStatus.xhtml?tehcode=888,9,175,https://dilrmp.gov.in/faces/rpttehsilwisephysical/rptComputerizationOfLandRecord.xhtml?districtcode=175
UTTAR PRADESH,Rae Bareli,Dalmau,https://dilrmp.gov.in/faces/rptphysical/rptClrStatus.xhtml?tehcode=827,9,158,https://dilrmp.gov.in/faces/rpttehsilwisephysical/rptComputerizationOfLandRecord.xhtml?districtcode=158
UTTAR PRADESH,Rae Bareli,Lalganj,https://dilrmp.gov.in/faces/rptphysical/rptClrStatus.xhtml?tehcode=826,9,158,https://dilrmp.gov.in/faces/rpttehsilwisephysical/rptComputerizationOfLandRecord.xhtml?districtcode=158
UTTAR PRADESH,Rae Bareli,Maharajganj,https://dilrmp.gov.in/faces/rptphysical/rptClrStatus.xhtml?tehcode=823,9,158,https://dilrmp.gov.in/faces/rpttehsilwisephysical/rptComputerizationOfLandRecord.xhtml?districtcode=158
UTTAR PRADESH,Rae Bareli,Rae Bareli,https://dilrmp.gov.in/faces/rptphysical/rptClrStatus.xhtml?tehcode=825,9,158,https://dilrmp.gov.in/faces/rpttehsilwisephysical/rptComputerizationOfLandRecord.xhtml?districtcode=158
UTTAR PRADESH,Rae Bareli,Salon,https://dilrmp.gov.in/faces/rptphysical/rptClrStatus.xhtml?tehcode=829,9,158,https://dilrmp.gov.in/faces/rpttehsilwisephysical/rptComputerizationOfLandRecord.xhtml?districtcode=158
UTTAR PRADESH,Rae Bareli,Unchahar,https://dilrmp.gov.in/faces/rptphysical/rptClrStatus.xhtml?tehcode=828,9,158,https://dilrmp.gov.in/faces/rpttehsilwisephysical/rptComputerizationOfLandRecord.xhtml?districtcode=158
UTTAR PRADESH,Rampur,Bilaspur,https://dilrmp.gov.in/faces/rptphysical/rptClrStatus.xhtml?tehcode=725,9,136,https://dilrmp.gov.in/faces/rpttehsilwisephysical/rptComputerizationOfLandRecord.xhtml?districtcode=136
UTTAR PRADESH,Rampur,Milak,https://dilrmp.gov.in/faces/rptphysical/rptClrStatus.xhtml?tehcode=728,9,136,https://dilrmp.gov.in/faces/rpttehsilwisephysical/rptComputerizationOfLandRecord.xhtml?districtcode=136
UTTAR PRADESH,Rampur,Rampur,https://dilrmp.gov.in/faces/rptphysical/rptClrStatus.xhtml?tehcode=726,9,136,https://dilrmp.gov.in/faces/rpttehsilwisephysical/rptComputerizationOfLandRecord.xhtml?districtcode=136
UTTAR PRADESH,Rampur,Shahabad,https://dilrmp.gov.in/faces/rptphysical/rptClrStatus.xhtml?tehcode=727,9,136,https://dilrmp.gov.in/faces/rpttehsilwisephysical/rptComputerizationOfLandRecord.xhtml?districtcode=136
UTTAR PRADESH,Rampur,Suar,https://dilrmp.gov.in/faces/rptphysical/rptClrStatus.xhtml?tehcode=723,9,136,https://dilrmp.gov.in/faces/rpttehsilwisephysical/rptComputerizationOfLandRecord.xhtml?districtcode=136
UTTAR PRADESH,Rampur,Tanda,https://dilrmp.gov.in/faces/rptphysical/rptClrStatus.xhtml?tehcode=724,9,136,https://dilrmp.gov.in/faces/rpttehsilwisephysical/rptComputerizationOfLandRecord.xhtml?districtcode=136
UTTAR PRADESH,Saharanpur,Behat,https://dilrmp.gov.in/faces/rptphysical/rptClrStatus.xhtml?tehcode=701,9,132,https://dilrmp.gov.in/faces/rpttehsilwisephysical/rptComputerizationOfLandRecord.xhtml?districtcode=132
UTTAR PRADESH,Saharanpur,Deoband,https://dilrmp.gov.in/faces/rptphysical/rptClrStatus.xhtml?tehcode=704,9,132,https://dilrmp.gov.in/faces/rpttehsilwisephysical/rptComputerizationOfLandRecord.xhtml?districtcode=132
UTTAR PRADESH,Saharanpur,Nakur,https://dilrmp.gov.in/faces/rptphysical/rptClrStatus.xhtml?tehcode=703,9,132,https://dilrmp.gov.in/faces/rpttehsilwisephysical/rptComputerizationOfLandRecord.xhtml?districtcode=132
UTTAR PRADESH,Saharanpur,Rampur Maniharan,https://dilrmp.gov.in/faces/rptphysical/rptClrStatus.xhtml?tehcode=705,9,132,https://dilrmp.gov.in/faces/rpttehsilwisephysical/rptComputerizationOfLandRecord.xhtml?districtcode=132
UTTAR PRADESH,Saharanpur,Saharanpur,https://dilrmp.gov.in/faces/rptphysical/rptClrStatus.xhtml?tehcode=702,9,132,https://dilrmp.gov.in/faces/rpttehsilwisephysical/rptComputerizationOfLandRecord.xhtml?districtcode=132
UTTAR PRADESH,Sambhal,Chandausi,https://dilrmp.gov.in/faces/rptphysical/rptClrStatus.xhtml?tehcode=722,9,670,https://dilrmp.gov.in/faces/rpttehsilwisephysical/rptComputerizationOfLandRecord.xhtml?districtcode=670
UTTAR PRADESH,Sambhal,Gunnaur,https://dilrmp.gov.in/faces/rptphysical/rptClrStatus.xhtml?tehcode=6928,9,670,https://dilrmp.gov.in/faces/rpttehsilwisephysical/rptComputerizationOfLandRecord.xhtml?districtcode=670
UTTAR PRADESH,Sambhal,Gunnaur,https://dilrmp.gov.in/faces/rptphysical/rptClrStatus.xhtml?tehcode=778,9,670,https://dilrmp.gov.in/faces/rpttehsilwisephysical/rptComputerizationOfLandRecord.xhtml?districtcode=670
UTTAR PRADESH,Sambhal,Sambhal,https://dilrmp.gov.in/faces/rptphysical/rptClrStatus.xhtml?tehcode=721,9,670,https://dilrmp.gov.in/faces/rpttehsilwisephysical/rptComputerizationOfLandRecord.xhtml?districtcode=670
UTTAR PRADESH,Sant Kabir Nagar,Ghanghata,https://dilrmp.gov.in/faces/rptphysical/rptClrStatus.xhtml?tehcode=943,9,186,https://dilrmp.gov.in/faces/rpttehsilwisephysical/rptComputerizationOfLandRecord.xhtml?districtcode=186
UTTAR PRADESH,Sant Kabir Nagar,Khalilabad,https://dilrmp.gov.in/faces/rptphysical/rptClrStatus.xhtml?tehcode=942,9,186,https://dilrmp.gov.in/faces/rpttehsilwisephysical/rptComputerizationOfLandRecord.xhtml?districtcode=186
UTTAR PRADESH,Sant Kabir Nagar,Mehdawal,https://dilrmp.gov.in/faces/rptphysical/rptClrStatus.xhtml?tehcode=941,9,186,https://dilrmp.gov.in/faces/rpttehsilwisephysical/rptComputerizationOfLandRecord.xhtml?districtcode=186
UTTAR PRADESH,Shahjahanpur,Jalalabad,https://dilrmp.gov.in/faces/rptphysical/rptClrStatus.xhtml?tehcode=796,9,152,https://dilrmp.gov.in/faces/rpttehsilwisephysical/rptComputerizationOfLandRecord.xhtml?districtcode=152
UTTAR PRADESH,Shahjahanpur,Powayan,https://dilrmp.gov.in/faces/rptphysical/rptClrStatus.xhtml?tehcode=793,9,152,https://dilrmp.gov.in/faces/rpttehsilwisephysical/rptComputerizationOfLandRecord.xhtml?districtcode=152
UTTAR PRADESH,Shahjahanpur,Shahjahanpur,https://dilrmp.gov.in/faces/rptphysical/rptClrStatus.xhtml?tehcode=795,9,152,https://dilrmp.gov.in/faces/rpttehsilwisephysical/rptComputerizationOfLandRecord.xhtml?districtcode=152
UTTAR PRADESH,Shahjahanpur,Tilhar,https://dilrmp.gov.in/faces/rptphysical/rptClrStatus.xhtml?tehcode=794,9,152,https://dilrmp.gov.in/faces/rpttehsilwisephysical/rptComputerizationOfLandRecord.xhtml?districtcode=152
